{"pos": [784.453125, 359.328125], "zoom": 0.125, "load_check": true, "render_boundaries": true}